cod;nome
10105;Oficial General da Aeronáutica
10110;Oficial General do Exército
10115;Oficial General da Marinha
10205;Oficial da Aeronáutica
10210;Oficial do Exército
10215;Oficial da Marinha
10305;Praça da Aeronáutica
10310;Praça do Exército
10315;Praça da Marinha
20105;Coronel da polícia militar
20110;Tenente-coronel da polícia militar
20115;Major da polícia militar
20205;Capitão da polícia militar
20305;Primeiro tenente de polícia militar
20310;Segundo tenente de polícia militar
21105;Subtenente da policia militar
21110;Sargento da policia militar
21205;Cabo da polícia militar
21210;Soldado da polícia militar
30105;Coronel bombeiro militar
30110;Major bombeiro militar
30115;Tenente-coronel bombeiro militar
30205;Capitão bombeiro militar
30305;Tenente do corpo de bombeiros militar
31105;Subtenente bombeiro militar
31110;Sargento bombeiro militar
31205;Cabo bombeiro militar
31210;Soldado bombeiro militar
111105;Senador
111110;Deputado Federal
111115;Deputado Estadual e Distrital
111120;Vereador
111205;Presidente da República
111210;Vice-presidente da República
111215;Ministro de Estado
111220;Secretário - Executivo
111225;Membro superior do poder Executivo
111230;Governador de Estado
111235;Governador do Distrito Federal
111240;Vice-governador de Estado
111245;Vice-governador do Distrito Federal
111250;Prefeito
111255;Vice-Prefeito
111305;Ministro do Supremo Tribunal Federal
111310;Ministro do Superior Tribunal de Justiça
111315;Ministro do Superior Tribunal Militar
111320;Ministro do Superior Tribunal do Trabalho
111325;Juiz de direito
111330;Juiz federal
111335;Juiz auditor federal - justiça militar
111340;Juiz auditor estadual - justiça militar
111345;Juiz do trabalho
111405;Dirigente do serviço público federal
111410;Dirigente do serviço público estadual e distrital
111415;Dirigente do serviço público municipal
113005;Cacique
113010;Líder de comunidade caiçara
113015;Membro de liderança quilombola
114105;Dirigente de partido político
114205;Dirigentes de entidades de trabalhadores
114210;Dirigentes de entidades patronais
114305;Dirigente e administrador de organização religiosa
114405;Dirigente e administrador de organização da socieda
121005;Diretor de planejamento estratégico
121010;Diretor geral de empresa e organizações (exceto de
122105;Diretor de produção e operações em empresa agropecu
122110;Diretor de produção e operações em empresa aqüícola
122115;Diretor de produção e operações em empresa floresta
122120;Diretor de produção e operações em empresa pesqueir
122205;Diretor de produção e operações da indústria de tra
122305;Diretor de operações de obras pública e civil
122405;Diretor de operações comerciais (comércio atacadist
122505;Diretor de produção e operações de alimentação
122510;Diretor de produção e operações de hotel
122515;Diretor de produção e operações de turismo
122605;Diretor de operações de correios
122610;Diretor de operações de serviços de armazenamento
122615;Diretor de operações de serviços de telecomunicaçõe
122620;Diretor de operações de serviços de transporte
122705;Diretor comercial em operações de intermediação fin
122710;Diretor de produtos bancários
122715;Diretor de crédito rural
122720;Diretor de câmbio e comércio exterior
122725;Diretor de compliance
122730;Diretor de crédito (exceto crédito imobiliário)
122735;Diretor de crédito imobiliário
122740;Diretor de leasing
122745;Diretor de mercado de capitais
122750;Diretor de recuperação de créditos em operações de
122755;Diretor de riscos de mercado
123105;Diretor administrativo
123110;Diretor administrativo e financeiro
123115;Diretor financeiro
123205;Diretor de recursos humanos
123210;Diretor de relações de trabalho
123305;Diretor comercial
123310;Diretor de marketing
123405;Diretor de suprimentos
123410;Diretor de suprimentos no serviço público
123605;Diretor de serviços de informática
123705;Diretor de pesquisa e desenvolvimento (P&D)
123805;Diretor de manutenção
131105;Diretor de serviços culturais
131110;Diretor de serviços sociais
131115;Gerente de serviços culturais
131120;Gerente de serviços sociais
131205;Diretor de serviços de saúde
131210;Gerente de serviços de saúde
131305;Diretor de instituição educacional da área privada
131310;Diretor de instituição educacional pública
131315;Gerente de instituição educacional da área privada
131320;Gerente de serviços educacionais da área pública
141105;Gerente de produção e operações aqüícolas
141110;Gerente de produção e operações florestais
141115;Gerente de produção e operações agropecuárias
141120;Gerente de produção e operações pesqueiras
141205;Gerente de produção e operações
141305;Gerente de produção e operações da construção civil
141405;Comerciante atacadista
141410;Comerciante varejista
141415;Gerente de loja e supermercado
141420;Gerente de operações de serviços de assistência téc
141505;Gerente de hotel
141510;Gerente de restaurante
141515;Gerente de bar
141520;Gerente de pensão
141605;Gerente de operações de transportes
141610;Gerente de operações de correios e telecomunicações
141615;Gerente de logística (armazenagem e distribuição)
141705;Gerente de produtos bancários
141710;Gerente de agência
141715;Gerente de câmbio e comércio exterior
141720;Gerente de crédito e cobrança
141725;Gerente de crédito imobiliário
141730;Gerente de crédito rural
141735;Gerente de recuperação de crédito
142105;Gerente administrativo
142110;Gerente de riscos
142115;Gerente financeiro
142205;Gerente de recursos humanos
142210;Gerente de departamento pessoal
142305;Gerente comercial
142310;Gerente de comunicação
142315;Gerente de marketing
142320;Gerente de vendas
142405;Gerente de compras
142410;Gerente de suprimentos
142415;Gerente de almoxarifado
142505;Gerente de rede
142510;Gerente de desenvolvimento de sistemas
142515;Gerente de produção de tecnologia da informação
142520;Gerente de projetos de tecnologia da informação
142525;Gerente de segurança de tecnologia da informação
142530;Gerente de suporte técnico de tecnologia da informa
142605;Gerente de pesquisa e desenvolvimento (P&D)
142705;Gerente de projetos e serviços de manutenção
201105;Bioengenheiro
201110;Biotecnologista
201115;Geneticista
201205;Pesquisador em metrologia
201210;Especialista em calibrações metrológicas
201215;Especialista em ensaios metrológicos
201220;Especialista em instrumentação metrológica
201225;Especialista em materiais de referência metrológica
202105;Engenheiro mecatrônico
203005;Pesquisador em biologia ambiental
203010;Pesquisador em biologia animal
203015;Pesquisador em biologia de microorganismos e parasi
203020;Pesquisador em biologia humana
203025;Pesquisador em biologia vegetal
203105;Pesquisador em ciências da computação e informática
203110;Pesquisador em ciências da terra e meio ambiente
203115;Pesquisador em física
203120;Pesquisador em matemática
203125;Pesquisador em química
203205;Pesquisador de engenharia civil
203210;Pesquisador de engenharia e tecnologia (outras área
203215;Pesquisador de engenharia elétrica e eletrônica
203220;Pesquisador de engenharia mecânica
203225;Pesquisador de engenharia metalúrgica, de minas e d
203230;Pesquisador de engenharia química
203305;Pesquisador de clínica médica
203310;Pesquisador de medicina básica
203315;Pesquisador em medicina veterinária
203320;Pesquisador em saúde coletiva
203405;Pesquisador em ciências agronômicas
203410;Pesquisador em ciências da pesca e aqüicultura
203415;Pesquisador em ciências da zootecnia
203420;Pesquisador em ciências florestais
203505;Pesquisador em ciências sociais e humanas
203510;Pesquisador em economia
203515;Pesquisador em ciências da educação
203520;Pesquisador em história
203525;Pesquisador em psicologia
204105;Perito criminal
211105;Atuário
211110;Especialista em pesquisa operacional
211115;Matemático
211120;Matemático aplicado
211205;Estatístico
211210;Estatístico (estatística aplicada)
211215;Estatístico teórico
212205;Engenheiro de aplicativos em computação
212210;Engenheiro de equipamentos em computação
212215;Engenheiros de sistemas operacionais em computação
212305;Administrador de banco de dados
212310;Administrador de redes
212315;Administrador de sistemas operacionais
212405;Analista de desenvolvimento de sistemas
212410;Analista de redes e de comunicação de dados
212415;Analista de sistemas de automação
212420;Analista de suporte computacional
213105;Físico
213110;Físico (acústica)
213115;Físico (atômica e molecular)
213120;Físico (cosmologia)
213125;Físico (estatística e matemática)
213130;Físico (fluidos)
213135;Físico (instrumentação)
213140;Físico (matéria condensada)
213145;Físico (materiais)
213150;Físico (medicina)
213155;Físico (nuclear e reatores)
213160;Físico (óptica)
213165;Físico (partículas e campos)
213170;Físico (plasma)
213175;Físico (térmica)
213205;Químico
213210;Químico industrial
213305;Astrônomo
213310;Geofísico espacial
213315;Meteorologista
213405;Geólogo
213410;Geólogo de engenharia
213415;Geofísico
213420;Geoquímico
213425;Hidrogeólogo
213430;Paleontólogo
213435;Petrógrafo
214105;Arquiteto de edificações
214110;Arquiteto de interiores
214115;Arquiteto de patrimônio
214120;Arquiteto paisagista
214125;Arquiteto urbanista
214205;Engenheiro civil
214210;Engenheiro civil (aeroportos)
214215;Engenheiro civil (edificações)
214220;Engenheiro civil (estruturas metálicas)
214225;Engenheiro civil (ferrovias e metrovias)
214230;Engenheiro civil (geotécnia)
214235;Engenheiro civil (hidrologia)
214240;Engenheiro civil (hidráulica)
214245;Engenheiro civil (pontes e viadutos)
214250;Engenheiro civil (portos e vias navegáveis)
214255;Engenheiro civil (rodovias)
214260;Engenheiro civil (saneamento)
214265;Engenheiro civil (túneis)
214270;Engenheiro civil (transportes e trânsito)
214305;Engenheiro eletricista
214310;Engenheiro eletrônico
214315;Engenheiro eletricista de manutenção
214320;Engenheiro eletricista de projetos
214325;Engenheiro eletrônico de manutenção
214330;Engenheiro eletrônico de projetos
214335;Engenheiro de manutenção de telecomunicações
214340;Engenheiro de telecomunicações
214345;Engenheiro projetista de telecomunicações
214350;Engenheiro de redes de comunicação
214355;Engenheiro de controle e automação
214360;Tecnólogo em eletricidade
214365;Tecnólogo em eletrônica
214405;Engenheiro mecânico
214410;Engenheiro mecânico automotivo
214415;Engenheiro mecânico (energia nuclear)
214420;Engenheiro mecânico industrial
214425;Engenheiro aeronáutico
214430;Engenheiro naval
214505;Engenheiro químico
214510;Engenheiro químico (indústria química)
214515;Engenheiro químico (mineração, metalurgia, siderurg
214520;Engenheiro químico (papel e celulose)
214525;Engenheiro químico (petróleo e borracha)
214530;Engenheiro químico (utilidades e meio ambiente)
214605;Engenheiro de materiais
214610;Engenheiro metalurgista
214705;Engenheiro de minas
214710;Engenheiro de minas (beneficiamento)
214715;Engenheiro de minas (lavra a céu aberto)
214720;Engenheiro de minas (lavra subterrânea)
214725;Engenheiro de minas (pesquisa mineral)
214730;Engenheiro de minas (planejamento)
214735;Engenheiro de minas (processo)
214740;Engenheiro de minas (projeto)
214805;Engenheiro agrimensor
214810;Engenheiro cartógrafo
214905;Engenheiro de produção
214910;Engenheiro de controle de qualidade
214915;Engenheiro de segurança do trabalho
214920;Engenheiro de riscos
214925;Engenheiro de tempos e movimentos
215105;Agente de manobra e docagem
215110;Capitão de manobra da marinha mercante
215115;Comandante da marinha mercante
215120;Coordenador de operações de combate à poluição no m
215125;Imediato da marinha mercante
215130;Inspetor de terminal
215135;Inspetor naval
215140;Oficial de quarto de navegação da marinha mercante
215145;Prático de portos da marinha mercante
215150;Vistoriador naval
215205;Oficial superior de máquinas da marinha mercante
215210;Primeiro oficial de máquinas da marinha mercante
215215;Segundo oficial de máquinas da marinha mercante
215220;Superintendente técnico no transporte aquaviário
215305;Piloto de aeronaves
215310;Piloto de ensaios em vôo
215315;Instrutor de vôo
221105;Biólogo
222105;Engenheiro agrícola
222110;Engenheiro agrônomo
222115;Engenheiro de pesca
222120;Engenheiro florestal
223101;Médico acupunturista
223102;Médico alergista e imunologista
223103;Médico anatomopatologista
223104;Médico anestesiologista
223105;Médico angiologista
223106;Médico cardiologista
223107;Médico cirurgião cardiovascular
223108;Médico cirurgião de cabeça e pescoço
223109;Médico cirurgião do aparelho digestivo
223110;Médico cirurgião geral
223111;Médico cirurgião pediátrico
223112;Médico cirurgião plástico
223113;Médico cirurgião torácico
223114;Médico citopatologista
223115;Médico clínico
223116;Médico de saúde da Família
223117;Médico dermatologista
223118;Médico do trabalho
223119;Médico em eletroencefalografia
223120;Médico em endoscopia
223121;Médico em medicina de tráfego
223122;Médico em medicina intensiva
223123;Médico em medicina nuclear
223124;Médico em radiologia e diagnóstico por imagem
223125;Médico endocrinologista e metabologista
223126;Médico fisiatra
223127;Médico foniatra
223128;Médico gastroenterologista
223129;Médico generalista
223130;Médico geneticista
223131;Médico geriatra
223132;Médico ginecologista e obstetra
223133;Médico hematologista
223134;Médico hemoterapeuta
223135;Médico homeopata
223136;Médico infectologista
223137;Médico legista
223138;Médico mastologista
223139;Médico nefrologista
223140;Médico neurocirurgião
223141;Médico neurofisiologista
223142;Médico neurologista
223143;Médico nutrologista
223144;Médico oftalmologista
223145;Médico oncologista
223146;Médico ortopedista e traumatologista
223147;Médico otorrinolaringologista
223148;Médico patologista clínico
223149;Médico pediatra
223150;Médico perito
223151;Médico pneumologista
223152;Médico proctologista
223153;Médico psiquiatra
223154;Médico radioterapeuta
223155;Médico reumatologista
223156;Médico sanitarista
223157;Médico urologista
223204;Cirurgião dentista - auditor
223208;Cirurgião dentista - clínico geral
223212;Cirurgião dentista - endodontista
223216;Cirurgião dentista - epidemiologista
223220;Cirurgião dentista - estomatologista
223224;Cirurgião dentista - implantodontista
223228;Cirurgião dentista - odontogeriatra
223232;Cirurgião dentista - odontologista legal
223236;Cirurgião dentista - odontopediatra
223240;Cirurgião dentista - ortopedista e ortodontista
223244;Cirurgião dentista - patologista bucal
223248;Cirurgião dentista - periodontista
223252;Cirurgião dentista - protesiólogo bucomaxilofacial
223256;Cirurgião dentista - protesista
223260;Cirurgião dentista - radiologista
223264;Cirurgião dentista - reabilitador oral
223268;Cirurgião dentista - traumatologista bucomaxilofaci
223272;Cirurgião dentista de saúde coletiva
223305;Médico veterinário
223310;Zootecnista
223405;Farmacêutico
223410;Farmacêutico bioquímico
223505;Enfermeiro
223510;Enfermeiro auditor
223515;Enfermeiro de bordo
223520;Enfermeiro de centro cirúrgico
223525;Enfermeiro de terapia intensiva
223530;Enfermeiro do trabalho
223535;Enfermeiro nefrologista
223540;Enfermeiro neonatologista
223545;Enfermeiro obstétrico
223550;Enfermeiro psiquiátrico
223555;Enfermeiro puericultor e pediátrico
223560;Enfermeiro sanitarista
223605;Fisioterapeuta
223610;Fonoaudiólogo
223615;Ortoptista
223620;Terapeuta ocupacional
223705;Dietista
223710;Nutricionista
224105;Avaliador físico
224110;Ludomotricista
224115;Preparador de atleta
224120;Preparador físico
224125;Técnico de desporto individual e coletivo (exceto f
224130;Técnico de laboratório e fiscalização desportiva
224135;Treinador profissional de futebol
231105;Professor de nível superior na educação infantil (q
231110;Professor de nível superior na educação infantil (z
231205;Professor da educação de jovens e adultos do ensino
231210;Professor de nível superior do ensino fundamental (
231305;Professor de ciências exatas e naturais do ensino f
231310;Professor de educação artística do ensino fundament
231315;Professor de educação física do ensino fundamental
231320;Professor de geografia do ensino fundamental
231325;Professor de história do ensino fundamental
231330;Professor de língua estrangeira moderna do ensino f
231335;Professor de língua portuguesa do ensino fundamenta
231340;Professor de matemática do ensino fundamental
232105;Professor de artes no ensino médio
232110;Professor de biologia no ensino médio
232115;Professor de disciplinas pedagógicas no ensino médi
232120;Professor de educação física no ensino médio
232125;Professor de filosofia no ensino médio
232130;Professor de física no ensino médio
232135;Professor de geografia no ensino médio
232140;Professor de história no ensino médio
232145;Professor de língua e literatura brasileira no ensi
232150;Professor de língua estrangeira moderna no ensino m
232155;Professor de matemática no ensino médio
232160;Professor de psicologia no ensino médio
232165;Professor de química no ensino médio
232170;Professor de sociologia no ensino médio
233105;Professor da área de meio ambiente
233110;Professor de desenho técnico
233115;Professor de técnicas agrícolas
233120;Professor de técnicas comerciais e secretariais
233125;Professor de técnicas de enfermagem
233130;Professor de técnicas industriais
233135;Professor de tecnologia e cálculo técnico
233205;Instrutor de aprendizagem e treinamento agropecuári
233210;Instrutor de aprendizagem e treinamento industrial
233215;Professor de aprendizagem e treinamento comercial
233220;Professor instrutor de ensino e aprendizagem agrofl
233225;Professor instrutor de ensino e aprendizagem em ser
234105;Professor de matemática aplicada (no ensino superio
234110;Professor de matemática pura (no ensino superior)
234115;Professor de estatística (no ensino superior)
234120;Professor de computação (no ensino superior)
234125;Professor de pesquisa operacional (no ensino superi
234205;Professor de física (ensino superior)
234210;Professor de química (ensino superior)
234215;Professor de astronomia (ensino superior)
234305;Professor de arquitetura
234310;Professor de engenharia
234315;Professor de geofísica
234320;Professor de geologia
234405;Professor de ciências biológicas do ensino superior
234410;Professor de educação física no ensino superior
234415;Professor de enfermagem do ensino superior
234420;Professor de farmácia e bioquímica
234425;Professor de fisioterapia
234430;Professor de fonoaudiologia
234435;Professor de medicina
234440;Professor de medicina veterinária
234445;Professor de nutrição
234450;Professor de odontologia
234455;Professor de terapia ocupacional
234460;Professor de zootecnia do ensino superior
234505;Professor de ensino superior na área de didática
234510;Professor de ensino superior na área de orientação
234515;Professor de ensino superior na área de pesquisa ed
234520;Professor de ensino superior na área de prática de
234604;Professor de língua alemã
234608;Professor de língua italiana
234612;Professor de língua francesa
234616;Professor de língua inglesa
234620;Professor de língua espanhola
234624;Professor de língua portuguesa
234628;Professor de literatura brasileira
234632;Professor de literatura portuguesa
234636;Professor de literatura alemã
234640;Professor de literatura comparada
234644;Professor de literatura espanhola
234648;Professor de literatura francesa
234652;Professor de literatura inglesa
234656;Professor de literatura italiana
234660;Professor de literatura de línguas estrangeiras mod
234664;Professor de outras línguas e literaturas
234668;Professor de línguas estrangeiras modernas
234672;Professor de lingüística e lingüística aplicada
234676;Professor de filologia e crítica textual
234680;Professor de semiótica
234684;Professor de teoria da literatura
234705;Professor de antropologia do ensino superior
234710;Professor de arquivologia do ensino superior
234715;Professor de biblioteconomia do ensio superior
234720;Professor de ciência política do ensino superior
234725;Professor de comunicação social do ensino superior
234730;Professor de direito do ensino superior
234735;Professor de filosofia do ensino superior
234740;Professor de geografia do ensino superior
234745;Professor de história do ensino superior
234750;Professor de Jornalismo
234755;Professor de museologia do ensino superior
234760;Professor de psicologia do ensino superior
234765;Professor de serviço social do ensino superior
234770;Professor de sociologia do ensino superior
234805;Professor de economia
234810;Professor de administração
234815;Professor de contabilidade
234905;Professor de artes do espetáculo no ensino superior
234910;Professor de artes visuais no ensino superior (arte
234915;Professor de música no ensino superior
239205;Professor de alunos com deficiência auditiva e surd
239210;Professor de alunos com deficiência física
239215;Professor de alunos com deficiência mental
239220;Professor de alunos com deficiência múltipla
239225;Professor de alunos com deficiência visual
239405;Coordenador pedagógico
239410;Orientador educacional
239415;Pedagogo
239420;Professor de técnicas e recursos audiovisuais
239425;Psicopedagogo
239430;Supervisor de ensino
241005;Advogado
241010;Advogado de empresa
241015;Advogado (direito civil)
241020;Advogado (direito público)
241025;Advogado (direito penal)
241030;Advogado (áreas especiais)
241035;Advogado (direito do trabalho)
241040;Consultor jurídico
241205;Advogado da união
241210;Procurador autárquico
241215;Procurador da fazenda nacional
241220;Procurador do estado
241225;Procurador do município
241230;Procurador federal
241235;Procurador fundacional
241305;Oficial de registro de contratos marítimos
241310;Oficial do registro civil de pessoas juridicas
241315;Oficial do registro civil de pessoas naturais
241320;Oficial do registro de distribuições
241325;Oficial do registro de imóveis
241330;Oficial do registro de títulos e documentos
241335;Tabelião de notas
241340;Tabelião de protestos
242205;Procurador da república
242210;Procurador de justiça
242215;Procurador de justiça militar
242220;Procurador do trabalho
242225;Procurador regional da república
242230;Procurador regional do trabalho
242235;Promotor de justiça
242240;Subprocurador de justiça militar
242245;Subprocurador-geral da república
242250;Subprocurador-geral do trabalho
242305;Delegado de polícia
242405;Defensor público
242410;Procurador da assistência judiciária
251105;Antropólogo
251110;Arqueólogo
251115;Cientista político
251120;Sociólogo
251205;Economista
251210;Economista agroindustrial
251215;Economista financeiro
251220;Economista industrial
251225;Economista do setor público
251230;Economista ambiental
251235;Economista regional e urbano
251305;Geógrafo
251405;Filósofo
251505;Psicólogo educacional
251510;Psicólogo clínico
251515;Psicólogo do esporte
251520;Psicólogo hospitalar
251525;Psicólogo jurídico
251530;Psicólogo social
251535;Psicólogo do trânsito
251540;Psicólogo do trabalho
251545;Neuropsicólogo
251550;Psicanalista
251605;Assistente social
251610;Economista doméstico
252105;Administrador
252205;Auditor (contadores e afins)
252210;Contador
252215;Perito contábil
252305;Secretária executiva
252310;Secretário bilíngüe
252315;Secretária trilíngüe
252405;Analista de recursos humanos
252505;Administrador de fundos e carteiras de investimento
252510;Analista de câmbio
252515;Analista de cobrança (instituições financeiras)
252525;Analista de crédito (instituições financeiras)
252530;Analista de crédito rural
252535;Analista de leasing
252540;Analista de produtos bancários
252545;Analista financeiro (instituições financeiras)
253105;Relações públicas
253110;Redator de publicidade
253115;Agente publicitário
253120;Analista de negócios
253125;Analista de pesquisa de mercado
253205;Gerente de captação (fundos e investimentos institu
253210;Gerente de clientes especiais (private)
253215;Gerente de contas - pessoa física e jurídica
253220;Gerente de grandes contas (corporate)
253225;Operador de negócios
253305;Corretor de valores, ativos financeiros, mercadoria
254105;Auditor-fiscal da receita federal
254110;Técnico da receita federal
254205;Auditor-fiscal da previdência social
254305;Auditor-fiscal do trabalho
254310;Agente de higiene e segurança
254405;Fiscal de tributos estadual
254410;Fiscal de tributos municipal
254415;Técnico de tributos estadual
254420;Técnico de tributos municipal
261105;Arquivista pesquisador (jornalismo)
261110;Assessor de imprensa
261115;Diretor de redação
261120;Editor
261125;Jornalista
261130;Produtor de texto
261135;Repórter (exclusive rádio e televisão)
261140;Revisor
261205;Bibliotecário
261210;Documentalista
261215;Analista de informações (pesquisador de informações
261305;Arquivista
261310;Museólogo
261405;Filólogo
261410;Intérprete
261415;Lingüista
261420;Tradutor
261505;Autor-roteirista
261510;Crítico
261515;Escritor de ficção
261520;Escritor de não ficção
261525;Poeta
261530;Redator de textos técnicos
261605;Editor de jornal
261610;Editor de livro
261615;Editor de mídia eletrônica
261620;Editor de revista
261625;Editor de revista científica
261705;Âncora de rádio e televisão
261710;Comentarista de rádio e televisão
261715;Locutor de rádio e televisão
261720;Locutor publicitário de rádio e televisão
261725;Narrador em programas de rádio e televisão
261730;Repórter de rádio e televisão
261805;Fotógrafo
261810;Fotógrafo publicitário
261815;Fotógrafo retratista
261820;Repóter fotográfico
262105;Empresário de espetáculo
262110;Produtor cinematográfico
262115;Produtor de rádio
262120;Produtor de teatro
262125;Produtor de televisão
262205;Diretor de cinema
262210;Diretor de programas de rádio
262215;Diretor de programas de televisão
262220;Diretor teatral
262305;Cenógrafo carnavalesco e festas populares
262310;Cenógrafo de cinema
262315;Cenógrafo de eventos
262320;Cenógrafo de teatro
262325;Cenógrafo de TV
262330;Diretor de arte
262405;Artista (artes visuais)
262410;Desenhista industrial (designer)
262505;Ator
262605;Compositor
262610;Músico arranjador
262615;Músico regente
262620;Musicólogo
262705;Músico intérprete cantor
262710;Músico intérprete instrumentista
262805;Assistente de coreografia
262810;Bailarino (exceto danças populares)
262815;Coreógrafo
262820;Dramaturgo de dança
262825;Ensaiador de dança
262830;Professor de dança
262905;Decorador de interiores de nível superior
263105;Ministro de culto religioso
263110;Missionário
263115;Teólogo
300105;Técnico em mecatrônica - automação da manufatura
300110;Técnico em mecatrônica - robótica
300305;Técnico em eletromecânica
301105;Técnico de laboratório industrial
301110;Técnico de laboratório de análises físico-químicas
301115;Técnico químico de petróleo
301205;Técnico de apoio à bioengenharia
311105;Técnico químico
311110;Técnico de celulose e papel
311115;Técnico em curtimento
311205;Técnico em petroquímica
311305;Técnico em materiais, produtos cerâmicos e vidros
311405;Técnico em borracha
311410;Técnico em plástico
311505;Técnico de controle de meio ambiente
311510;Técnico de meteorologia
311515;Técnico de utilidade (produção e distribuição de va
311520;Técnico em tratamento de efluentes
311605;Técnico têxtil
311610;Técnico têxtil (tratamentos químicos)
311615;Técnico têxtil de fiação
311620;Técnico têxtil de malharia
311625;Técnico têxtil de tecelagem
311705;Colorista de papel
311710;Colorista têxtil
311715;Preparador de tintas
311720;Preparador de tintas (fábrica de tecidos)
311725;Tingidor de couros e peles
312105;Técnico de obras civis
312205;Técnico de estradas
312210;Técnico de saneamento
312305;Técnico em agrimensura
312310;Técnico em geodésia e cartografia
312315;Técnico em hidrografia
312320;Topógrafo
313105;Eletrotécnico
313110;Eletrotécnico (produção de energia)
313115;Eletroténico na fabricação, montagem e instalação d
313120;Técnico de manutenção elétrica
313125;Técnico de manutenção elétrica de máquina
313130;Técnico eletricista
313205;Técnico de manutenção eletrônica
313210;Técnico de manutenção eletrônica (circuitos de máqu
313215;Técnico eletrônico
313220;Técnico em manutenção de equipamentos de informátic
313305;Técnico de comunicação de dados
313310;Técnico de rede (telecomunicações)
313315;Técnico de telecomunicações (telefonia)
313320;Técnico de transmissão (telecomunicações)
313405;Técnico em calibração
313410;Técnico em instrumentação
313415;Encarregado de manutenção de instrumentos de contro
313505;Técnico em fotônica
314105;Técnico em mecânica de precisão
314110;Técnico mecânico
314115;Técnico mecânico (calefação, ventilação e refrigera
314120;Técnico mecânico (máquinas)
314125;Técnico mecânico (motores)
314205;Técnico mecânico na fabricação de ferramentas
314210;Técnico mecânico na manutenção de ferramentas
314305;Técnico em automobilística
314310;Técnico mecânico (aeronaves)
314315;Técnico mecânico (embarcações)
314405;Técnico de manutenção de sistemas e instrumentos
314410;Técnico em manutenção de máquinas
314605;Inspetor de soldagem
314610;Técnico em caldeiraria
314615;Técnico em estruturas metálicas
314620;Técnico em soldagem
314705;Técnico de acabamento em siderurgia
314710;Técnico de aciaria em siderurgia
314715;Técnico de fundição em siderurgia
314720;Técnico de laminação em siderurgia
314725;Técnico de redução na siderurgia (primeira fusão)
314730;Técnico de refratário em siderurgia
316105;Técnico em geofísica
316110;Técnico em geologia
316115;Técnico em geoquímica
316120;Técnico em geotecnia
316305;Técnico de mineração
316310;Técnico de mineração (óleo e petróleo)
316315;Técnico em processamento mineral (exceto petróleo)
316320;Técnico em pesquisa mineral
316325;Técnico de produção em refino de petróleo
316330;Técnico em planejamento de lavra de minas
316335;Desincrustador (poços de petróleo)
316340;Cimentador (poços de petróleo)
317105;Programador de internet
317110;Programador de sistemas de informação
317115;Programador de máquinas - ferramenta com comando nu
317120;Programador de multimídia
317205;Operador de computador (inclusive microcomputador)
317210;Técnico de apoio ao usuário de informática (helpdes
318005;Desenhista técnico
318010;Desenhista copista
318015;Desenhista detalhista
318105;Desenhista técnico (arquitetura)
318110;Desenhista técnico (cartografia)
318115;Desenhista técnico (construção civil)
318120;Desenhista técnico (instalações hidrossanitárias)
318205;Desenhista técnico mecânico
318210;Desenhista técnico aeronáutico
318215;Desenhista técnico naval
318305;Desenhista técnico (eletricidade e eletrônica)
318310;Desenhista técnico (calefação, ventilação e refrige
318405;Desenhista técnico (artes gráficas)
318410;Desenhista técnico (ilustrações artísticas)
318415;Desenhista técnico (ilustrações técnicas)
318420;Desenhista técnico (indústria têxtil)
318425;Desenhista técnico (mobiliário)
318430;Desenhista técnico de embalagens, maquetes e leiaut
318505;Desenhista projetista de arquitetura
318510;Desenhista projetista de construção civil
318605;Desenhista projetista de máquinas
318610;Desenhista projetista mecânico
318705;Desenhista projetista de eletricidade
318710;Desenhista projetista eletrônico
318805;Projetista de móveis
318810;Modelista de roupas
318815;Modelista de calçados
319105;Técnico em calçados e artefatos de couro
319110;Técnico em confecções do vestuário
319205;Técnico do mobiliário
320105;Técnico em bioterismo
320110;Técnico em histologia
321105;Técnico agrícola
321110;Técnico agropecuário
321205;Técnico em madeira
321210;Técnico florestal
321305;Técnico em piscicultura
321310;Técnico em carcinicultura
321315;Técnico em mitilicultura
321320;Técnico em ranicultura
322105;Acupunturista
322110;Podólogo
322115;Quiropraxista
322205;Técnico de enfermagem
322210;Técnico de enfermagem de terapia intensiva
322215;Técnico de enfermagem do trabalho
322220;Técnico de enfermagem psiquiátrica
322225;Instrumentador cirúrgico
322230;Auxiliar de enfermagem
322235;Auxiliar de enfermagem do trabalho
322240;Auxiliar de saúde (navegação marítima)
322305;Técnico em óptica
322310;Técnico em optometria
322405;Técnico em higiene dental
322410;Protético dentário
322415;Atendente de Consultório Dentário
322420;Auxiliar de Prótese Dentária
322505;Técnico de ortopedia
322605;Técnico de imobilização ortopédica
323105;Técnico em pecuária
324105;Técnico em métodos eletrográficos em encefalografia
324110;Técnico em métodos gráficos em cardiologia
324115;Técnico em radiologia e imagenologia
324205;Técnico em patologia clínica
324210;Auxiliar técnico em patologia clínica
325005;Enólogo
325010;Aromista
325015;Perfumista
325105;Auxiliar técnico em laboratório de farmácia
325110;Técnico em laboratório de farmácia
325205;Técnico de alimentos
325305;Técnico em biotecnologia
325310;Técnico em imunobiológicos
328105;Embalsamador
328110;Taxidermista
331105;Professor de nível médio na educação infantil
331110;Auxiliar de desenvolvimento infantil
331205;Professor de nível médio no ensino fundamental
331305;Professor de nível médio no ensino profissionalizan
332105;Professor leigo no ensino fundamental
332205;Professor prático no ensino profissionalizante
333105;Instrutor de auto-escola
333110;Instrutor de cursos livres
333115;Professores de cursos livres
334105;Inspetor de alunos de escola privada
334110;Inspetor de alunos de escola pública
341105;Piloto comercial (exceto linhas aéreas)
341110;Piloto comercial de helicóptero (exceto linhas aére
341115;Mecânico de vôo
341120;Piloto agrícola
341205;Contramestre de cabotagem
341210;Mestre de cabotagem
341215;Mestre fluvial
341220;Patrão de pesca de alto-mar
341225;Patrão de pesca na navegação interior
341230;Piloto fluvial
341305;Condutor maquinista fluvial
341310;Condutor maquinista marítimo
341315;Eletricista de bordo
342105;Analista de transporte em comércio exterior
342110;Operador de transporte multimodal
342115;Controlador de serviços de máquinas e veículos
342120;Afretador
342205;Ajudante de despachante aduaneiro
342210;Despachante aduaneiro
342305;Chefe de serviço de transporte rodoviário (passagei
342310;Inspetor de serviços de transportes rodoviários (pa
342315;Supervisor de carga e descarga
342405;Agente de estação (ferrovia e metrô)
342410;Operador de centro de controle (ferrovia e metrô)
342505;Controlador de tráfego aéreo
342510;Despachante operacional de vôo
342515;Fiscal de aviação civil (FAC)
342520;Gerente da administração de aeroportos
342525;Gerente de empresa aérea em aeroportos
342530;Inspetor de aviação civil
342535;Operador de atendimento aeroviário
342540;Supervisor da administração de aeroportos
342545;Supervisor de empresa aérea em aeroportos
342605;Chefe de estação portuária
342610;Supervisor de operações portuárias
351105;Técnico de contabilidade
351110;Chefe de contabilidade (técnico)
351115;Consultor contábil (técnico)
351305;Técnico em administração
351310;Técnico em administração de comércio exterior
351315;Agente de recrutamento e seleção
351405;Escrevente
351410;Escrivão judicial
351415;Escrivão extra - judicial
351420;Escrivão de polícia
351425;Oficial de justiça
351430;Auxiliar de serviços jurídicos
351505;Técnico em secretariado
351510;Taquígrafo
351515;Estenotipista
351605;Técnico em segurança no trabalho
351705;Analista de seguros (técnico)
351710;Analista de sinistros
351715;Assistente comercial de seguros
351720;Assistente técnico de seguros
351725;Inspetor de risco
351730;Inspetor de sinistros
351735;Técnico de resseguros
351740;Técnico de seguros
351805;Detetive profissional
351810;Investigador de polícia
351815;Papiloscopista policial
352205;Agente de defesa ambiental
352210;Agente de saúde pública
352305;Metrologista
352310;Agente fiscal de qualidade
352315;Agente fiscal metrológico
352320;Agente fiscal têxtil
352405;Agente de direitos autorais
352410;Avaliador de produtos do meio de comunicação
352415;Ouvidor (ombudsman) do meio de comunicação
352420;Técnico em direitos autorais
353205;Técnico de operações e serviços bancários - câmbio
353210;Técnico de operações e serviços bancários - crédito
353215;Técnico de operações e serviços bancários - crédito
353220;Técnico de operações e serviços bancários - leasing
353225;Técnico de operações e serviços bancários - renda f
353230;Tesoureiro de banco
353235;Chefe de serviços bancários
354110;Agenciador de propaganda
354120;Agente de vendas de serviços
354125;Assistente de vendas
354130;Promotor de vendas especializado
354135;Técnico de vendas
354140;Técnico em atendimento e vendas
354145;Vendedor pracista
354205;Comprador
354210;Supervisor de compras
354305;Analista de exportação e importação
354405;Leiloeiro
354410;Avaliador de imóveis
354415;Avaliador de bens móveis
354505;Corretor de seguros
354605;Corretor de imóveis
354705;Representante comercial autônomo
354805;Técnico em turismo
354810;Operador de turismo
354815;Agente de viagem
354820;Organizador de evento
371105;Auxiliar de biblioteca
371110;Técnico em biblioteconomia
371205;Colecionador de selos e moedas
371210;Técnico em museologia
371305;Técnico em programação visual
371310;Técnico gráfico
371405;Recreador de acantonamento
371410;Recreador
372105;Diretor de fotografia
372110;Iluminador (televisão)
372115;Operador de câmera de televisão
372205;Operador de rede de teleprocessamento
372210;Radiotelegrafista
373105;Operador de áudio de continuidade (rádio)
373110;Operador de central de rádio
373115;Operador de externa (rádio)
373120;Operador de gravação de rádio
373125;Operador de transmissor de rádio
373205;Técnico em operação de equipamentos de produção par
373210;Técnico em operação de equipamento de exibição de t
373215;Técnico em operação de equipamentos de transmissão/
373220;Supervisor técnico operacional de sistemas de telev
374105;Técnico em gravação de áudio
374110;Técnico em instalação de equipamentos de áudio
374115;Técnico em masterização de áudio
374120;Projetista de som
374125;Técnico em sonorização
374130;Técnico em mixagem de áudio
374135;Projetista de sistemas de áudio
374140;Microfonista
374205;Cenotécnico (cinema, vídeo, televisão, teatro e esp
374210;Maquinista de cinema e vídeo
374215;Maquinista de teatro e espetáculos
374305;Operador de projetor cinematográfico
374310;Operador-mantenedor de projetor cinematográfico
374405;Editor de TV e vídeo
374410;Finalizador de filmes
374415;Finalizador de vídeo
374420;Montador de filmes
375105;Designer de interiores
375110;Designer de vitrines
375115;Visual merchandiser
376105;Dançarino tradicional
376110;Dançarino popular
376205;Acrobata
376210;Artista aéreo
376215;Artista de circo (outros)
376220;Contorcionista
376225;Domador de animais (circense)
376230;Equilibrista
376235;Mágico
376240;Malabarista
376245;Palhaço
376250;Titeriteiro
376255;Trapezista
376305;Apresentador de eventos
376310;Apresentador de festas populares
376315;Apresentador de programas de rádio
376320;Apresentador de programas de televisão
376325;Apresentador de circo
376405;Modelo artístico
376410;Modelo de modas
376415;Modelo publicitário
377105;Atleta profissional (outras modalidades)
377110;Atleta profissional de futebol
377115;Atleta profissional de golfe
377120;Atleta profissional de luta
377125;Atleta profissional de tênis
377130;Jóquei
377135;Piloto de competição automobilística
377140;Profissional de Atletismo
377145;Pugilista
377205;Árbitro desportivo
377210;Árbitro de atletismo
377215;Árbitro de basquete
377220;Árbitro de futebol
377225;Árbitro de futebol de salão
377230;Árbitro de judô
377235;Árbitro de karatê
377240;Árbitro de poló aquático
377245;Árbitro de vôlei
391105;Cronoanalista
391110;Cronometrista
391115;Controlador de entrada e saída
391120;Planejista
391125;Técnico de planejamento de produção
391130;Técnico de planejamento e programação da manutenção
391135;Técnico de matéria-prima e material
391205;Inspetor de qualidade
391210;Técnico de garantia da qualidade
391215;Operador de inspeção de qualidade
391220;Técnico de painel de controle
391225;Escolhedor de papel
391230;Técnico operacional de serviços de correios
395105;Técnico de apoio em pesquisa e desenvolvimento (exc
395110;Técnico de apoio em pesquisa e desenvolvimento agro
410105;Supervisor administrativo
410205;Supervisor de almoxarifado
410210;Supervisor de câmbio
410215;Supervisor de contas a pagar
410220;Supervisor de controle patrimonial
410225;Supervisor de crédito e cobrança
410230;Supervisor de orçamento
410235;Supervisor de tesouraria
411005;Auxiliar de escritório, em geral
411010;Assistente administrativo
411015;Atendente de judiciário
411020;Auxiliar de judiciário
411025;Auxiliar de cartório
411030;Auxiliar de pessoal
411035;Auxiliar de estatística
411040;Auxiliar de seguros
411045;Auxiliar de serviços de importação e exportação
412105;Datilógrafo
412110;Digitador
412115;Operador de mensagens de telecomunicações (correios
412120;Supervisor de digitação e operação
412205;Contínuo
413105;Analista de folha de pagamento
413110;Auxiliar de contabilidade
413115;Auxiliar de faturamento
413205;Atendente de agência
413210;Caixa de banco
413215;Compensador de banco
413220;Conferente de serviços bancários
413225;Escriturário de banco
413230;Operador de cobrança bancária
414105;Almoxarife
414110;Armazenista
414115;Balanceiro
414205;Apontador de mão-de-obra
414210;Apontador de produção
414215;Conferente de carga e descarga
415105;Arquivista de documentos
415115;Codificador de dados
415120;Fitotecário
415125;Kardexista
415130;Operador de máquina copiadora (exceto operador de g
415205;Carteiro
415210;Operador de triagem e transbordo
420105;Supervisor de caixas e bilheteiros (exceto caixa de
420110;Supervisor de cobrança
420115;Supervisor de coletadores de apostas e de jogos
420120;Supervisor de entrevistadores e recenseadores
420125;Supervisor de recepcionistas
420130;Supervisor de telefonistas
420135;Supervisor de telemarketing e atendimento
421105;Atendente comercial (agência postal)
421110;Bilheteiro de transportes coletivos
421115;Bilheteiro no serviço de diversões
421120;Emissor de passagens
421125;Operador de caixa
421205;Recebedor de apostas (loteria)
421210;Recebedor de apostas (turfe)
421305;Cobrador externo
421310;Cobrador interno
421315;Localizador (cobrador)
422105;Recepcionista, em geral
422110;Recepcionista de consultório médico ou dentário
422115;Recepcionista de seguro saúde
422120;Recepcionista de hotel
422125;Recepcionista de banco
422205;Telefonista
422210;Teleoperador
422215;Monitor de teleatendimento
422220;Operador de rádio-chamada
422305;Operador de telemarketing ativo
422310;Operador de telemarketing ativo e receptivo
422315;Operador de telemarketing receptivo
422320;Operador de telemarketing técnico
423105;Despachante documentalista
424105;Entrevistador censitário e de pesquisas amostrais
424110;Entrevistador de pesquisa de opinião e mídia
424115;Entrevistador de pesquisas de mercado
424120;Entrevistador de preços
424125;Escriturário em estatística
510105;Supervisor de transportes
510110;Administrador de edifícios
510115;Supervisor de andar
510120;Chefe de portaria de hotel
510125;Chefe de cozinha
510130;Chefe de bar
510135;Matre
510205;Supervisor de lavanderia
510305;Supervisor de bombeiros
510310;Supervisor de vigilantes
511105;Comissário de vôo
511110;Comissário de trem
511115;Taifeiro
511205;Fiscal de transportes coletivos (exceto trem)
511210;Despachante de transportes coletivos (exceto trem)
511215;Cobrador de transportes coletivos (exceto trem)
511220;Bilheteiro (estações de metrô, ferroviárias e assem
511405;Guia de turismo
512105;Empregado doméstico nos serviços gerais
512110;Empregado doméstico arrumador
512115;Empregado doméstico faxineiro
512120;Empregado doméstico diarista
513105;Mordomo de residência
513110;Mordomo de hotelaria
513115;Governanta de hotelaria
513205;Cozinheiro geral
513210;Cozinheiro do serviço doméstico
513215;Cozinheiro industrial
513220;Cozinheiro de hospital
513225;Cozinheiro de embarcações
513305;Camareira de teatro
513310;Camareira de televisão
513315;Camareiro de hotel
513320;Camareiro de embarcações
513325;Guarda-roupeira de cinema
513405;Garçom
513410;Garçom (serviços de vinhos)
513415;Cumim
513420;Barman
513425;Copeiro
513430;Copeiro de hospital
513435;Atendente de lanchonete
514105;Ascensorista
514110;Garagista
514115;Sacristão
514120;Zelador de edifício
514205;Coletor de lixo
514210;Faxineiro
514215;Gari
514220;Limpador de vidros
514225;Trabalhador de serviços de manutenção de edifícios
515105;Agente comunitário de saúde
515110;Atendente de enfermagem
515115;Parteira leiga
515120;Visitador sanitário
515205;Auxiliar de banco de sangue
515210;Auxiliar de farmácia de manipulação
515215;Auxiliar de laboratório de análises clínicas
515220;Auxiliar de laboratório de imunobiológicos
515225;Auxiliar de produção farmacêutica
516105;Barbeiro
516110;Cabeleireiro
516115;Esteticista
516120;Manicure
516125;Maquiador
516130;Maquiador de caracterização
516135;Massagista
516140;Pedicure
516205;Babá
516210;Cuidador de idosos
516215;Mãe social
516305;Lavadeiro, em geral
516310;Lavador de roupas a maquina
516315;Lavador de artefatos de tapeçaria
516320;Limpador a seco, à máquina
516325;Passador de roupas em geral
516330;Tingidor de roupas
516335;Conferente-expedidor de roupas (lavanderias)
516340;Atendente de lavanderia
516345;Auxiliar de lavanderia
516405;Lavador de roupas
516410;Limpador de roupas a seco, à mão
516415;Passador de roupas, à mão
516505;Agente funerário
516605;Operador de forno (serviços funerários)
516610;Sepultador
516705;Astrólogo
516710;Numerólogo
516805;Esotérico
516810;Paranormal
517105;Bombeiro de aeródromo
517110;Bombeiro de segurança do trabalho
517115;Salva-vidas
517205;Agente de polícia federal
517210;Policial rodoviário federal
517215;Guarda-civil municipal
517220;Agente de trânsito
517305;Agente de proteção de aeroporto
517310;Agente de segurança
517315;Agente de segurança penitenciária
517320;Vigia florestal
517325;Vigia portuário
517330;Vigilante
517405;Porteiro (hotel)
517410;Porteiro de edifícios
517415;Porteiro de locais de diversão
517420;Vigia
519105;Ciclista mensageiro
519110;Motociclista no transporte de documentos e pequenos
519205;Catador de material reciclável
519305;Enfermeiro veterinário
519310;Esteticista de animais domésticos
519315;Banhista de animais domésticos
519320;Tosador de animais domésticos
519805;Profissional do sexo
519905;Cartazeiro
519910;Controlador de pragas
519915;Engraxate
519920;Gandula
519925;Guardador de veículos
519930;Lavador de garrafas, vidros e outros utensílios
519935;Lavador de veículos
519940;Leiturista
519945;Recepcionista de casas de espetáculos
520105;Supervisor de vendas de serviços
520110;Supervisor de vendas comercial
521105;Vendedor em comércio atacadista
521110;Vendedor de comércio varejista
521115;Promotor de vendas
521120;Demonstrador de mercadorias
521125;Repositor de mercadorias
521130;Atendente de farmácia - balconista
521135;Frentista
523105;Instalador de cortinas e persianas, portas sanfonad
523110;Instalador de som e acessórios de veículos
523115;Chaveiro
524105;Vendedor em domicílio
524205;Feirante
524210;Jornaleiro (em banca de jornal)
524215;Vendedor permissionário
524305;Vendedor ambulante
524310;Pipoqueiro ambulante
611005;Produtor agropecuário, em geral
612005;Produtor agrícola polivalente
612105;Produtor de arroz
612110;Produtor de cana-de-açúcar
612115;Produtor de cereais de inverno
612120;Produtor de gramíneas forrageiras
612125;Produtor de milho e sorgo
612205;Produtor de algodão
612210;Produtor de curauá
612215;Produtor de juta
612220;Produtor de rami
612225;Produtor de sisal
612305;Produtor na olericultura de legumes
612310;Produtor na olericultura de raízes, bulbos e tubérc
612315;Produtor na olericultura de talos, folhas e flores
612320;Produtor na olericultura de frutos e sementes
612405;Produtor de flores de corte
612410;Produtor de flores em vaso
612415;Produtor de forrações
612420;Produtor de plantas ornamentais
612505;Produtor de árvores frutíferas
612510;Produtor de espécies frutíferas rasteiras
612515;Produtor de espécies frutíferas trepadeiras
612605;Cafeicultor
612610;Produtor de cacau
612615;Produtor de erva-mate
612620;Produtor de fumo
612625;Produtor de guaraná
612705;Produtor da cultura de amendoim
612710;Produtor da cultura de canola
612715;Produtor da cultura de coco-da-baia
612720;Produtor da cultura de dendê
612725;Produtor da cultura de girassol
612730;Produtor da cultura de linho
612735;Produtor da cultura de mamona
612740;Produtor da cultura de soja
612805;Produtor de especiarias
612810;Produtor de plantas aromáticas e medicinais
613005;Criador em pecuária polivalente
613010;Criador de animais domésticos
613105;Criador de asininos e muares
613110;Criador de bovinos (corte)
613115;Criador de bovinos (leite)
613120;Criador de bubalinos (corte)
613125;Criador de bubalinos (leite)
613130;Criador de eqüínos
613205;Criador de caprinos
613210;Criador de ovinos
613215;Criador de suínos
613305;Avicultor
613310;Cunicultor
613405;Apicultor
613410;Criador de animais produtores de veneno
613415;Minhocultor
613420;Sericultor
620105;Supervisor de exploração agrícola
620110;Supervisor de exploração agropecuária
620115;Supervisor de exploração pecuária
621005;Trabalhador agropecuário em geral
622005;Caseiro (agricultura)
622010;Jardineiro
622015;Trabalhador na produção de mudas e sementes
622020;Trabalhador volante da agricultura
622105;Trabalhador da cultura de arroz
622110;Trabalhador da cultura de cana-de-açúcar
622115;Trabalhador da cultura de milho e sorgo
622120;Trabalhador da cultura de trigo, aveia, cevada e tr
622205;Trabalhador da cultura de algodão
622210;Trabalhador da cultura de sisal
622215;Trabalhador da cultura do rami
622305;Trabalhador na olericultura (frutos e sementes)
622310;Trabalhador na olericultura (legumes)
622315;Trabalhador na olericultura (raízes, bulbos e tubér
622320;Trabalhador na olericultura (talos, folhas e flores
622405;Trabalhador no cultivo de flores e folhagens de cor
622410;Trabalhador no cultivo de flores em vaso
622415;Trabalhador no cultivo de forrações
622420;Trabalhador no cultivo de mudas
622425;Trabalhador no cultivo de plantas ornamentais
622505;Trabalhador no cultivo de árvores frutíferas
622510;Trabalhador no cultivo de espécies frutíferas raste
622515;Trabalhador no cultivo de trepadeiras frutíferas
622605;Trabalhador da cultura de cacau
622610;Trabalhador da cultura de café
622615;Trabalhador da cultura de erva-mate
622620;Trabalhador da cultura de fumo
622625;Trabalhador da cultura de guaraná
622705;Trabalhador na cultura de amendoim
622710;Trabalhador na cultura de canola
622715;Trabalhador na cultura de coco-da-baía
622720;Trabalhador na cultura de dendê
622725;Trabalhador na cultura de mamona
622730;Trabalhador na cultura de soja
622735;Trabalhador na cultura do girassol
622740;Trabalhador na cultura do linho
622805;Trabalhador da cultura de especiarias
622810;Trabalhador da cultura de plantas aromáticas e medi
623005;Adestrador de animais
623010;Inseminador
623015;Trabalhador de pecuária polivalente
623020;Tratador de animais
623105;Trabalhador da pecuária (asininos e muares)
623110;Trabalhador da pecuária (bovinos corte)
623115;Trabalhador da pecuária (bovinos leite)
623120;Trabalhador da pecuária (bubalinos)
623125;Trabalhador da pecuária (eqüinos)
623205;Trabalhador da caprinocultura
623210;Trabalhador da ovinocultura
623215;Trabalhador da suinocultura
623305;Trabalhador da avicultura de corte
623310;Trabalhador da avicultura de postura
623315;Operador de incubadora
623320;Trabalhador da cunicultura
623325;Sexador
623405;Trabalhador em criatórios de animais produtores de
623410;Trabalhador na apicultura
623415;Trabalhador na minhocultura
623420;Trabalhador na sericicultura
630105;Supervisor da aqüicultura
630110;Supervisor da área florestal
631005;Catador de caranguejos e siris
631010;Catador de mariscos
631015;Pescador artesanal de lagostas
631020;Pescador artesanal de peixes e camarões
631105;Pescador artesanal de água doce
631205;Pescador industrial
631210;Pescador profissional
631305;Criador de camarões
631310;Criador de jacarés
631315;Criador de mexilhões
631320;Criador de ostras
631325;Criador de peixes
631330;Criador de quelônios
631335;Criador de rãs
631405;Gelador industrial
631410;Gelador profissional
631415;Proeiro
631420;Redeiro (pesca)
632005;Guia florestal
632010;Raizeiro
632015;Viveirista florestal
632105;Classificador de toras
632110;Cubador de madeira
632115;Identificador florestal
632120;Operador de motosserra
632125;Trabalhador de extração florestal, em geral
632205;Seringueiro
632210;Trabalhador da exploração de espécies produtoras de
632215;Trabalhador da exploração de resinas
632305;Trabalhador da exploração de andiroba
632310;Trabalhador da exploração de babaçu
632315;Trabalhador da exploração de bacaba
632320;Trabalhador da exploração de buriti
632325;Trabalhador da exploração de carnaúba
632330;Trabalhador da exploração de coco-da-praia
632335;Trabalhador da exploração de copaíba
632340;Trabalhador da exploração de malva (pãina)
632345;Trabalhador da exploração de murumuru
632350;Trabalhador da exploração de oiticica
632355;Trabalhador da exploração de ouricuri
632360;Trabalhador da exploração de pequi
632365;Trabalhador da exploração de piaçava
632370;Trabalhador da exploração de tucum
632405;Trabalhador da exploração de açaí
632410;Trabalhador da exploração de castanha
632415;Trabalhador da exploração de pinhão
632420;Trabalhador da exploração de pupunha
632505;Trabalhador da exploração de árvores e arbustos pro
632510;Trabalhador da exploração de cipós produtores de su
632515;Trabalhador da exploração de madeiras tanantes
632520;Trabalhador da exploração de raízes produtoras de s
632525;Trabalhador da extração de substâncias aromáticas,
632605;Carvoeiro
632610;Carbonizador
632615;Ajudante de carvoaria
641005;Operador de colheitadeira
641010;Operador de máquinas de beneficiamento de produtos
641015;Tratorista agrícola
642005;Operador de colhedor florestal
642010;Operador de máquinas florestais estáticas
642015;Operador de trator florestal
643005;Trabalhador na operação de sistema de irrigação loc
643010;Trabalhador na operação de sistema de irrigação por
643015;Trabalhador na operação de sistemas convencionais d
643020;Trabalhador na operação de sistemas de irrigação e
643025;Trabalhador na operação de sistemas de irrigação po
710105;Supervisor de apoio operacional na mineração
710110;Supervisor de extração de sal
710115;Supervisor de perfuração e desmonte
710120;Supervisor de produção na mineração
710125;Supervisor de transporte na mineração
710205;Mestre (construção civil)
710210;Mestre de linhas (ferrovias)
710215;Inspetor de terraplenagem
710220;Supervisor de usina de concreto
710225;Fiscal de pátio de usina de concreto
711105;Amostrador de minérios
711110;Canteiro
711115;Destroçador de pedra
711120;Detonador
711125;Escorador de minas
711130;Mineiro
711205;Operador de caminhão (minas e pedreiras)
711210;Operador de carregadeira
711215;Operador de máquina cortadora (minas e pedreiras)
711220;Operador de máquina de extração contínua (minas de
711225;Operador de máquina perfuradora (minas e pedreiras)
711230;Operador de máquina perfuratriz
711235;Operador de motoniveladora (extração de minerais só
711240;Operador de schutthecar
711245;Operador de trator (minas e pedreiras)
711305;Operador de sonda de percussão
711310;Operador de sonda rotativa
711315;Sondador (poços de petróleo e gás)
711320;Sondador de poços (exceto de petróleo e gás)
711325;Plataformista (petróleo)
711330;Torrista (petróleo)
711405;Garimpeiro
711410;Operador de salina (sal marinho)
712105;Moleiro de minérios
712110;Operador de aparelho de flotação
712115;Operador de aparelho de precipitação (minas de ouro
712120;Operador de britador de mandíbulas
712125;Operador de espessador
712130;Operador de jig (minas)
712135;Operador de peneiras hidráulicas
712205;Cortador de pedras
712210;Gravador de inscrições em pedra
712215;Gravador de relevos em pedra
712220;Polidor de pedras
712225;Torneiro (lavra de pedra)
712230;Traçador de pedras
715105;Operador de bate-estacas
715110;Operador de compactadora de solos
715115;Operador de escavadeira
715120;Operador de máquina de abrir valas
715125;Operador de máquinas de construção civil e mineraçã
715130;Operador de motoniveladora
715135;Operador de pá carregadeira
715140;Operador de pavimentadora (asfalto, concreto e mate
715145;Operador de trator de lâmina
715205;Calceteiro
715210;Pedreiro
715215;Pedreiro (chaminés industriais)
715220;Pedreiro (material refratário)
715225;Pedreiro (mineração)
715230;Pedreiro de edificações
715305;Armador de estrutura de concreto
715310;Moldador de corpos de prova em usinas de concreto
715315;Armador de estrutura de concreto armado
715405;Operador de betoneira
715410;Operador de bomba de concreto
715415;Operador de central de concreto
715505;Carpinteiro
715510;Carpinteiro (esquadrias)
715515;Carpinteiro (cenários)
715520;Carpinteiro (mineração)
715525;Carpinteiro de obras
715530;Carpinteiro (telhados)
715535;Carpinteiro de fôrmas para concreto
715540;Carpinteiro de obras civis de arte (pontes, túneis,
715545;Montador de andaimes (edificações)
715605;Eletricista de instalações (cenários)
715610;Eletricista de instalações (edifícios)
715615;Eletricista de instalações
715705;Aplicador de asfalto impermeabilizante (coberturas)
715710;Instalador de isolantes acústicos
715715;Instalador de isolantes térmicos (refrigeração e cl
715720;Instalador de isolantes térmicos de caldeira e tubu
715725;Instalador de material isolante, a mão (edificações
715730;Instalador de material isolante, a máquina (edifica
716105;Acabador de superfícies de concreto
716110;Revestidor de superfícies de concreto
716205;Telhador (telhas de argila e materias similares)
716210;Telhador (telhas de cimento-amianto)
716215;Telhador (telhas metálicas)
716220;Telhador (telhas pláticas)
716305;Vidraceiro
716310;Vidraceiro (edificações)
716315;Vidraceiro (vitrais)
716405;Gesseiro
716505;Assoalhador
716510;Ladrilheiro
716515;Pastilheiro
716520;Lustrador de piso
716525;Marmorista (construção)
716530;Mosaísta
716535;Taqueiro
716605;Calafetador
716610;Pintor de obras
716615;Revestidor de interiores (papel, material plástico
717005;Demolidor de edificações
717010;Operador de martelete
717015;Poceiro (edificações)
717020;Servente de obras
717025;Vibradorista
720105;Mestre (afiador de ferramentas)
720110;Mestre de caldeiraria
720115;Mestre de ferramentaria
720120;Mestre de forjaria
720125;Mestre de fundição
720130;Mestre de galvanoplastia
720135;Mestre de pintura (tratamento de superfícies)
720140;Mestre de soldagem
720145;Mestre de trefilação de metais
720150;Mestre de usinagem
720155;Mestre serralheiro
720160;Supervisor de controle de tratamento térmico
720205;Mestre (construção naval)
720210;Mestre (indústria de automotores e material de tran
720215;Mestre (indústria de máquinas e outros equipamentos
720220;Mestre de construção de fornos
721105;Ferramenteiro
721110;Ferramenteiro de mandris, calibradores e outros dis
721115;Modelador de metais (fundição)
721205;Operador de máquina de eletroerosão
721210;Operador de máquinas operatrizes
721215;Operador de máquinas-ferramenta convencionais
721220;Operador de usinagem convencional por abrasão
721225;Preparador de máquinas-ferramenta
721305;Afiador de cardas
721310;Afiador de cutelaria
721315;Afiador de ferramentas
721320;Afiador de serras
721325;Polidor de metais
721405;Operador de centro de usinagem com comando numérico
721410;Operador de fresadora com comando numérico
721415;Operador de mandriladora com comando numérico
721420;Operador de máquina eletroerosão, à fio, com comand
721425;Operador de retificadora com comando numérico
721430;Operador de torno com comando numérico
722105;Forjador
722110;Forjador a martelo
722115;Forjador prensista
722205;Fundidor de metais
722210;Lingotador
722215;Operador de acabamento de peças fundidas
722220;Operador de máquina centrifugadora de fundição
722225;Operador de máquina de fundir sob pressão
722230;Operador de vazamento (lingotamento)
722235;Preparador de panelas (lingotamento)
722305;Macheiro, a mão
722310;Macheiro, a máquina
722315;Moldador, a mão
722320;Moldador, a máquina
722325;Operador de equipamentos de preparação de areia
722330;Operador de máquina de moldar automatizada
722405;Cableador
722410;Estirador de tubos de metal sem costura
722415;Trefilador de metais, à máquina
723105;Cementador de metais
723110;Normalizador de metais e de compósitos
723115;Operador de equipamento para resfriamento
723120;Operador de forno de tratamento térmico de metais
723125;Temperador de metais e de compósitos
723205;Decapador
723210;Fosfatizador
723215;Galvanizador
723220;Metalizador a pistola
723225;Metalizador (banho quente)
723230;Operador de máquina recobridora de arame
723235;Operador de zincagem (processo eletrolítico)
723240;Oxidador
723305;Operador de equipamento de secagem de pintura
723310;Pintor a pincel e rolo (exceto obras e estruturas m
723315;Pintor de estruturas metálicas
723320;Pintor de veículos (fabricação)
723325;Pintor por imersão
723330;Pintor, a pistola (exceto obras e estruturas metáli
724105;Assentador de canalização (edificações)
724110;Encanador
724115;Instalador de tubulações
724120;Instalador de tubulações (aeronaves)
724125;Instalador de tubulações (embarcações)
724130;Instalador de tubulações de gás combustível (produç
724135;Instalador de tubulações de vapor (produção e distr
724205;Montador de estruturas metálicas
724210;Montador de estruturas metálicas de embarcações
724215;Rebitador a martelo pneumático
724220;Preparador de estruturas metálicas
724225;Riscador de estruturas metálicas
724230;Rebitador, a mão
724305;Brasador
724310;Oxicortador a mão e a máquina
724315;Soldador
724320;Soldador a oxigás
724325;Soldador elétrico
724405;Caldeireiro (chapas de cobre)
724410;Caldeireiro (chapas de ferro e aço)
724415;Chapeador
724420;Chapeador de carrocerias metálicas (fabricação)
724425;Chapeador naval
724430;Chapeador de aeronaves
724435;Funileiro industrial
724440;Serralheiro
724505;Operador de máquina de cilindrar chapas
724510;Operador de máquina de dobrar chapas
724515;Prensista (operador de prensa)
724605;Operador de laços de cabos de aço
724610;Trançador de cabos de aço
725005;Ajustador ferramenteiro
725010;Ajustador mecânico
725015;Ajustador mecânico (usinagem em bancada e em máquin
725020;Ajustador mecânico em bancada
725025;Ajustador naval (reparo e construção)
725105;Montador de máquinas, motores e acessórios (montage
725205;Montador de máquinas
725210;Montador de máquinas gráficas
725215;Montador de máquinas operatrizes para madeira
725220;Montador de máquinas têxteis
725225;Montador de máquinas-ferramentas (usinagem de metai
725305;Montador de equipamento de levantamento
725310;Montador de máquinas agrícolas
725315;Montador de máquinas de minas e pedreiras
725320;Montador de máquinas de terraplenagem
725405;Mecânico montador de motores de aeronaves
725410;Mecânico montador de motores de embarcações
725415;Mecânico montador de motores de explosão e diesel
725420;Mecânico montador de turboalimentadores
725505;Montador de veículos (linha de montagem)
725510;Operador de time de montagem
725605;Montador de estruturas de aeronaves
725610;Montador de sistemas de combustível de aeronaves
725705;Mecânico de refrigeração
730105;Supervisor de montagem e instalação eletroeletrônic
731105;Montador de equipamentos eletrônicos (aparelhos méd
731110;Montador de equipamentos eletrônicos (computadores
731115;Montador de equipamentos elétricos (instrumentos de
731120;Montador de equipamentos elétricos (aparelhos eletr
731125;Montador de equipamentos elétricos (centrais elétri
731130;Montador de equipamentos elétricos (motores e dínam
731135;Montador de equipamentos elétricos
731140;Montador de equipamentos eletrônicos (instalações d
731145;Montador de equipamentos eletrônicos (máquinas indu
731150;Montador de equipamentos eletrônicos
731155;Montador de equipamentos elétricos (elevadores e eq
731160;Montador de equipamentos elétricos (transformadores
731165;Bobinador eletricista, à mão
731170;Bobinador eletricista, à máquina
731175;Operador de linha de montagem (aparelhos elétricos)
731180;Operador de linha de montagem (aparelhos eletrônico
731205;Montador de equipamentos eletrônicos (estação de rá
731305;Instalador-reparador de equipamentos de comutação e
731310;Instalador-reparador de equipamentos de energia em
731315;Instalador-reparador de equipamentos de transmissão
731320;Instalador-reparador de linhas e aparelhos de telec
731325;Instalador-reparador de redes e cabos telefônicos
731330;Reparador de aparelhos de telecomunicações em labor
732105;Eletricista de manutenção de linhas elétricas, tele
732110;Emendador de cabos elétricos e telefônicos (aéreos
732115;Examinador de cabos, linhas elétricas e telefônicas
732120;Instalador de linhas elétricas de alta e baixa - te
732125;Instalador eletricista (tração de veículos)
732130;Instalador-reparador de redes telefônicas e de comu
732135;Ligador de linhas telefônicas
740105;Supervisor da mecânica de precisão
740110;Supervisor de fabricação de instrumentos musicais
741105;Ajustador de instrumentos de precisão
741110;Montador de instrumentos de óptica
741115;Montador de instrumentos de precisão
741120;Relojoeiro (fabricação)
741125;Relojoeiro (reparação)
742105;Afinador de instrumentos musicais
742110;Confeccionador de acordeão
742115;Confeccionador de instrumentos de corda
742120;Confeccionador de instrumentos de percussão (pele,
742125;Confeccionador de instrumentos de sopro (madeira)
742130;Confeccionador de instrumentos de sopro (metal)
742135;Confeccionador de órgão
742140;Confeccionador de piano
750105;Supervisor de joalheria
750205;Supervisor da indústria de minerais não metálicos (
751005;Engastador (jóias)
751010;Joalheiro
751015;Joalheiro (reparações)
751020;Lapidador (jóias)
751105;Bate-folha a máquina
751110;Fundidor (joalheria e ourivesaria)
751115;Gravador (joalheria e ourivesaria)
751120;Laminador de metais preciosos a mão
751125;Ourives
751130;Trefilador (joalheria e ourivesaria)
752105;Artesão modelador (vidros)
752110;Moldador (vidros)
752115;Soprador de vidro
752120;Transformador de tubos de vidro
752205;Aplicador serigráfico em vidros
752210;Cortador de vidro
752215;Gravador de vidro a água-forte
752220;Gravador de vidro a esmeril
752225;Gravador de vidro a jato de areia
752230;Lapidador de vidros e cristais
752235;Surfassagista
752305;Ceramista
752310;Ceramista (torno de pedal e motor)
752315;Ceramista (torno semi-automático)
752320;Ceramista modelador
752325;Ceramista moldador
752330;Ceramista prensador
752405;Decorador de cerâmica
752410;Decorador de vidro
752415;Decorador de vidro à pincel
752420;Operador de esmaltadeira
752425;Operador de espelhamento
752430;Pintor de cerâmica, a pincel
760105;Contramestre de acabamento (indústria têxtil)
760110;Contramestre de fiação (indústria têxtil)
760115;Contramestre de malharia (indústria têxtil)
760120;Contramestre de tecelagem (indústria têxtil)
760125;Mestre (indústria têxtil e de confecções)
760205;Supervisor de curtimento
760305;Encarregado de corte na confecção do vestuário
760310;Encarregado de costura na confecção do vestuário
760405;Supervisor (indústria de calçados e artefatos de co
760505;Supervisor da confecção de artefatos de tecidos, co
760605;Supervisor das artes gráficas (indústria editorial
761005;Operador polivalente da indústria têxtil
761105;Classificador de fibras têxteis
761110;Lavador de lã
761205;Operador de abertura (fiação)
761210;Operador de binadeira
761215;Operador de bobinadeira
761220;Operador de cardas
761225;Operador de conicaleira
761230;Operador de filatório
761235;Operador de laminadeira e reunideira
761240;Operador de maçaroqueira
761245;Operador de open-end
761250;Operador de passador (fiação)
761255;Operador de penteadeira
761260;Operador de retorcedeira
761303;Tecelão (redes)
761306;Tecelão (rendas e bordados)
761309;Tecelão (tear automático)
761312;Tecelão (tear jacquard)
761315;Tecelão (tear mecânico de maquineta)
761318;Tecelão (tear mecânico de xadrez)
761321;Tecelão (tear mecânico liso)
761324;Tecelão (tear mecânico, exceto jacquard)
761327;Tecelão de malhas, a máquina
761330;Tecelão de malhas (máquina circular)
761333;Tecelão de malhas (máquina retilínea)
761336;Tecelão de meias, a máquina
761339;Tecelão de meias (máquina circular)
761342;Tecelão de meias (máquina retilínea)
761345;Tecelão de tapetes, a máquina
761348;Operador de engomadeira de urdume
761351;Operador de espuladeira
761354;Operador de máquina de cordoalha
761357;Operador de urdideira
761360;Passamaneiro a máquina
761363;Remetedor de fios
761366;Picotador de cartões jacquard
761405;Alvejador (tecidos)
761410;Estampador de tecido
761415;Operador de calandras (tecidos)
761420;Operador de chamuscadeira de tecidos
761425;Operador de impermeabilizador de tecidos
761430;Operador de máquina de lavar fios e tecidos
761435;Operador de rameuse
761805;Inspetor de estamparia (produção têxtil)
761810;Revisor de fios (produção têxtil)
761815;Revisor de tecidos acabados
761820;Revisor de tecidos crus
762005;Trabalhador polivalente do curtimento de couros e p
762105;Classificador de peles
762110;Descarnador de couros e peles, à maquina
762115;Estirador de couros e peles (preparação)
762120;Fuloneiro
762125;Rachador de couros e peles
762205;Curtidor (couros e peles)
762210;Classificador de couros
762215;Enxugador de couros
762220;Rebaixador de couros
762305;Estirador de couros e peles (acabamento)
762310;Fuloneiro no acabamento de couros e peles
762315;Lixador de couros e peles
762320;Matizador de couros e peles
762325;Operador de máquinas do acabamento de couros e pele
762330;Prensador de couros e peles
762335;Palecionador de couros e peles
762340;Preparador de couros curtidos
762345;Vaqueador de couros e peles
763005;Alfaiate
763010;Costureira de peças sob encomenda
763015;Costureira de reparação de roupas
763020;Costureiro de roupa de couro e pele
763105;Auxiliar de corte (preparação da confecção de roupa
763110;Cortador de roupas
763115;Enfestador de roupas
763120;Riscador de roupas
763205;Costureiro de roupas de couro e pele, a máquina na
763210;Costureiro na confecção em série
763215;Costureiro, a máquina na confecção em série
763305;Arrematadeira
763310;Bordador, à máquina
763315;Marcador de peças confeccionadas para bordar
763320;Operador de máquina de costura de acabamento
763325;Passadeira de peças confeccionadas
764005;Trabalhador polivalente da confecção de calçados
764105;Cortador de calçados, a máquina (exceto solas e pal
764110;Cortador de solas e palmilhas, a máquina
764115;Preparador de calçados
764120;Preparador de solas e palmilhas
764205;Costurador de calçados, a máquina
764210;Montador de calçados
764305;Acabador de calçados
765005;Confeccionador de artefatos de couro (exceto sapato
765010;Chapeleiro de senhoras
765015;Boneleiro
765105;Cortador de artefatos de couro (exceto roupas e cal
765110;Cortador de tapeçaria
765205;Colchoeiro (confecção de colchões)
765215;Confeccionador de brinquedos de pano
765225;Confeccionador de velas náuticas, barracas e toldos
765230;Estofador de aviões
765235;Estofador de móveis
765310;Costurador de artefatos de couro, a máquina (exceto
765315;Montador de artefatos de couro (exceto roupas e cal
765405;Trabalhador do acabamento de artefatos de tecidos e
766105;Copiador de chapa
766115;Gravador de matriz para flexografia (clicherista)
766120;Editor de texto e imagem
766125;Montador de fotolito (analógico e digital)
766130;Gravador de matriz para rotogravura (eletromecânico
766135;Gravador de matriz calcográfica
766140;Gravador de matriz serigráfica
766145;Operador de sistemas de prova (analógico e digital)
766150;Operador de processo de tratamento de imagem
766155;Programador visual gráfico
766205;Impressor (serigrafia)
766210;Impressor calcográfico
766215;Impressor de ofsete (plano e rotativo)
766220;Impressor de rotativa
766225;Impressor de rotogravura
766230;Impressor digital
766235;Impressor flexográfico
766240;Impressor letterset
766245;Impressor tampográfico
766250;Impressor tipográfico
766305;Acabador de embalagens (flexíveis e cartotécnicas)
766310;Impressor de corte e vinco
766315;Operador de acabamento (indústria gráfica)
766320;Operador de guilhotina (corte de papel)
766325;Preparador de matrizes de corte e vinco
766405;Laboratorista fotográfico
766410;Revelador de filmes fotográficos, em preto e branco
766415;Revelador de filmes fotográficos, em cores
766420;Auxiliar de radiologia (revelação fotográfica)
768105;Tecelão (tear manual)
768110;Tecelão de tapetes, a mão
768115;Tricoteiro, à mão
768120;Redeiro
768125;Chapeleiro (chapéus de palha)
768130;Crocheteiro, a mão
768205;Bordador, a mão
768210;Cerzidor
768305;Artífice do couro
768310;Cortador de calçados, a mão (exceto solas)
768315;Costurador de artefatos de couro, a mão (exceto rou
768320;Sapateiro (calçados sob medida)
768325;Seleiro
768605;Tipógrafo
768610;Linotipista
768615;Monotipista
768620;Paginador
768625;Pintor de letreiros
768630;Confeccionador de carimbos de borracha
768705;Gravador, à mão (encadernação)
768710;Restaurador de livros
770105;Mestre (indústria de madeira e mobiliário)
770110;Mestre carpinteiro
771105;Marceneiro
771110;Modelador de madeira
771115;Maquetista na marcenaria
771120;Tanoeiro
772105;Classificador de madeira
772110;Impregnador de madeira
772115;Secador de madeira
773105;Cortador de laminados de madeira
773110;Operador de serras no desdobramento de madeira
773115;Serrador de bordas no desdobramento de madeira
773120;Serrador de madeira
773125;Serrador de madeira (serra circular múltipla)
773130;Serrador de madeira (serra de fita múltipla)
773205;Operador de máquina intercaladora e placas (compens
773210;Prensista de aglomerados
773215;Prensista de compensados
773220;Preparador de aglomerantes
773305;Operador de desempenadeira na usinagem convencional
773310;Operador de entalhadeira (usinagem de madeira)
773315;Operador de fresadora (usinagem de madeira)
773320;Operador de lixadeira (usinagem de madeira)
773325;Operador de máquina de usinagem madeira, em geral
773330;Operador de molduradora (usinagem de madeira)
773335;Operador de plaina desengrossadeira
773340;Operador de serras (usinagem de madeira)
773345;Operador de torno automático (usinagem de madeira)
773350;Operador de tupia (usinagem de madeira)
773355;Torneiro na usinagem convencional de madeira
773405;Operador de máquina bordatriz
773410;Operador de máquina de cortina dïágua (produção de
773415;Operador de máquina de usinagem de madeira (produçã
773420;Operador de prensa de alta freqüência na usinagem d
773505;Operador de centro de usinagem de madeira (CNC)
773510;Operador de máquinas de usinar madeira (CNC)
774105;Montador de móveis e artefatos de madeira
775105;Entalhador de madeira
775110;Folheador de móveis de madeira
775115;Lustrador de peças de madeira
775120;Marcheteiro
776405;Cesteiro
776410;Confeccionador de escovas, pincéis e produtos simil
776415;Confeccionador de escovas, pincéis e produtos simil
776420;Confeccionador de móveis de vime, junco e bambu
776425;Esteireiro
776430;Vassoureiro
777105;Carpinteiro naval (construção de pequenas embarcaçõ
777110;Carpinteiro naval (embarcações)
777115;Carpinteiro naval (estaleiros)
777205;Carpinteiro de carretas
777210;Carpinteiro de carrocerias
780105;Supervisor de embalagem e etiquetagem
781105;Condutor de processos robotizados de pintura
781110;Condutor de processos robotizados de soldagem
781305;Operador de veículos subaquáticos controlados remot
781705;Mergulhador profissional (raso e profundo)
782105;Operador de draga
782110;Operador de guindaste (fixo)
782115;Operador de guindaste móvel
782120;Operador de máquina rodoferroviária
782125;Operador de monta-cargas (construção civil)
782130;Operador de ponte rolante
782135;Operador de pórtico rolante
782140;Operador de talha elétrica
782145;Sinaleiro (ponte-rolante)
782205;Guincheiro (construção civil)
782210;Operador de docagem
782220;Operador de empilhadeira
782305;Motorista de carro de passeio
782310;Motorista de furgão ou veículo similar
782315;Motorista de táxi
782405;Motorista de ônibus rodoviário
782410;Motorista de ônibus urbano
782415;Motorista de trólebus
782505;Caminhoneiro autônomo (rotas regionais e internacio
782510;Motorista de caminhão (rotas regionais e internacio
782515;Motorista operacional de guincho
782605;Operador de trem de metrô
782610;Maquinista de trem
782615;Maquinista de trem metropolitano
782620;Motorneiro
782625;Auxiliar de maquinista de trem
782630;Operador de teleférico (passageiros)
782705;Marinheiro de convés (marítimo e fluviário)
782710;Marinheiro de máquinas
782715;Moço de convés (marítimo e fluviário)
782720;Moço de máquinas (marítimo e fluviário)
782805;Condutor de veículos de tração animal (ruas e estra
782810;Tropeiro
782815;Boiadeiro
782820;Condutor de veículos a pedais
783105;Agente de pátio
783110;Manobrador
783205;Carregador (aeronaves)
783210;Carregador (armazém)
783215;Carregador (veículos de transportes terrestres)
783220;Estivador
783225;Ajudante de motorista
784105;Embalador, a mão
784110;Embalador, a máquina
784115;Operador de máquina de etiquetar
784120;Operador de máquina de envasar líquidos
784125;Operador de prensa de enfardamento
784205;Alimentador de linha de produção
810105;Mestre (indústria petroquímica e carboquímica)
810110;Mestre de produção química
810205;Mestre (indústria de borracha e plástico)
810305;Mestre de produção farmacêutica
811005;Operador de processos químicos e petroquímicos
811010;Operador de sala de controle de instalações química
811105;Moleiro (tratamentos químicos e afins)
811110;Operador de máquina misturadeira (tratamentos quími
811115;Operador de britadeira (tratamentos químicos e afin
811120;Operador de concentração
811125;Trabalhador da fabricação de resinas e vernizes
811130;Trabalhador de fabricação de tintas
811205;Operador de calcinação (tratamento químico e afins)
811215;Operador de tratamento químico de materiais radioat
811305;Operador de centrifugadora (tratamentos químicos e
811310;Operador de exploração de petróleo
811315;Operador de filtro de secagem (mineração)
811320;Operador de filtro de tambor rotativo (tratamentos
811325;Operador de filtro-esteira (mineração)
811330;Operador de filtro-prensa (tratamentos químicos e a
811335;Operador de filtros de parafina (tratamentos químic
811405;Destilador de madeira
811410;Destilador de produtos químicos (exceto petróleo)
811415;Operador de alambique de funcionamento contínuo (pr
811420;Operador de aparelho de reação e conversão (produto
811425;Operador de equipamento de destilação de álcool
811430;Operador de evaporador na destilação
811505;Operador de painel de controle (refinação de petról
811510;Operador de transferência e estocagem - na refinaçã
811605;Operador de britador de coque
811610;Operador de carro de apagamento e coque
811615;Operador de destilação e subprodutos de coque
811620;Operador de enfornamento e desenfornamento de coque
811625;Operador de exaustor (coqueria)
811630;Operador de painel de controle
811635;Operador de preservação e controle térmico
811640;Operador de reator de coque de petróleo
811645;Operador de refrigeração (coqueria)
811650;Operador de sistema de reversão (coqueria)
811705;Bamburista
811710;Calandrista de borracha
811715;Confeccionador de pneumáticos
811725;Confeccionador de velas por imersão
811735;Confeccionador de velas por moldagem
811745;Laminador de plástico
811750;Moldador de borracha por compressão
811760;Moldador de plástico por compressão
811770;Moldador de plástico por injeção
811775;Trefilador de borracha
811805;Operador de máquina de produtos farmacêuticos
811810;Drageador (medicamentos)
811815;Operador de máquina de fabricação de cosméticos
811820;Operador de máquina de fabricação de produtos de hi
812105;Pirotécnico
812110;Trabalhador da fabricação de munição e explosivos
813105;Cilindrista (petroquímica e afins)
813110;Operador de calandra (química, petroquímica e afins
813115;Operador de extrusora (química, petroquímica e afin
813120;Operador de processo (química, petroquímica e afins
813125;Operador de produção (química, petroquímica e afins
813130;Técnico de operação (química, petroquímica e afins)
818105;Assistente de laboratório industrial
818110;Auxiliar de laboratório de análises físico-químicas
820105;Mestre de siderurgia
820110;Mestre de aciaria
820115;Mestre de alto-forno
820120;Mestre de forno elétrico
820125;Mestre de laminação
820205;Supervisor de fabricação de produtos cerâmicos, por
820210;Supervisor de fabricação de produtos de vidro
821105;Operador de centro de controle
821110;Operador de máquina de sinterizar
821205;Forneiro e operador (alto-forno)
821210;Forneiro e operador (conversor a oxigênio)
821215;Forneiro e operador (forno elétrico)
821220;Forneiro e operador (refino de metais não-ferrosos)
821225;Forneiro e operador de forno de redução direta
821230;Operador de aciaria (basculamento de convertedor)
821235;Operador de aciaria (dessulfuração de gusa)
821240;Operador de aciaria (recebimento de gusa)
821245;Operador de área de corrida
821250;Operador de desgaseificação
821255;Soprador de convertedor
821305;Operador de laminador
821310;Operador de laminador de barras a frio
821315;Operador de laminador de barras a quente
821320;Operador de laminador de metais não-ferrosos
821325;Operador de laminador de tubos
821330;Operador de montagem de cilindros e mancais
821335;Recuperador de guias e cilindros
821405;Encarregado de acabamento de chapas e metais (têmpe
821410;Escarfador
821415;Marcador de produtos (siderúrgico e metalúrgico)
821420;Operador de bobinadeira de tiras a quente, no acaba
821425;Operador de cabine de laminação (fio-máquina)
821430;Operador de escória e sucata
821435;Operador de jato abrasivo
821440;Operador de tesoura mecânica e máquina de corte, no
821445;Preparador de sucata e aparas
821450;Rebarbador de metal
822105;Forneiro de cubilô
822110;Forneiro de forno-poço
822115;Forneiro de fundição (forno de redução)
822120;Forneiro de reaquecimento e tratamento térmico na m
822125;Forneiro de revérbero
823105;Preparador de massa (fabricação de abrasivos)
823110;Preparador de massa (fabricação de vidro)
823115;Preparador de massa de argila
823120;Preparador de barbotina
823125;Preparador de esmaltes (cerâmica)
823130;Preparador de aditivos
823135;Operador de atomizador
823210;Extrusor de fios ou fibras de vidro
823215;Forneiro na fundição de vidro
823220;Forneiro no recozimento de vidro
823230;Moldador de abrasivos na fabricação de cerâmica, vi
823235;Operador de banho metálico de vidro por flutuação
823240;Operador de máquina de soprar vidro
823245;Operador de máquina extrusora de varetas e tubos de
823250;Operador de prensa de moldar vidro
823255;Temperador de vidro
823265;Trabalhador na fabricação de produtos abrasivos
823305;Classificador e empilhador de tijolos refratários
823315;Forneiro (materiais de construção)
823320;Trabalhador da elaboração de pré-fabricados (ciment
823325;Trabalhador da elaboração de pré-fabricados (concre
823330;Trabalhador da fabricação de pedras artificiais
828105;Oleiro (fabricação de telhas)
828110;Oleiro (fabricação de tijolos)
830105;Mestre (indústria de celulose, papel e papelão)
831105;Cilindreiro na preparação de pasta para fabricação
831110;Operador de branqueador de pasta para fabricação de
831115;Operador de digestor de pasta para fabricação de pa
831120;Operador de lavagem e depuração de pasta para fabri
831125;Operador de máquina de secar celulose
832105;Calandrista de papel
832110;Operador de cortadeira de papel
832115;Operador de máquina de fabricar papel (fase úmida)
832120;Operador de máquina de fabricar papel (fase seca)
832125;Operador de máquina de fabricar papel e papelão
832135;Operador de rebobinadeira na fabricação de papel e
833105;Cartonageiro, a máquina
833110;Confeccionador de bolsas, sacos e sacolas e papel,
833115;Confeccionador de sacos de celofane, a máquina
833120;Operador de máquina de cortar e dobrar papelão
833125;Operador de prensa de embutir papelão
833205;Cartonageiro, a mão (caixas de papelão)
840105;Supervisor de produção da indústria alimentícia
840110;Supervisor da indústria de bebidas
840115;Supervisor da indústria de fumo
840120;Chefe de confeitaria
841105;Moleiro de cereais (exceto arroz)
841110;Moleiro de especiarias
841115;Operador de processo de moagem
841205;Moedor de sal
841210;Refinador de sal
841305;Operador de cristalização na refinação de açucar
841310;Operador de equipamentos de refinação de açúcar (pr
841315;Operador de moenda na fabricação de açúcar
841320;Operador de tratamento de calda na refinação de açú
841408;Cozinhador (conservação de alimentos)
841416;Cozinhador de carnes
841420;Cozinhador de frutas e legumes
841428;Cozinhador de pescado
841432;Desidratador de alimentos
841440;Esterilizador de alimentos
841444;Hidrogenador de óleos e gorduras
841448;Lagareiro
841456;Operador de câmaras frias
841460;Operador de preparação de grãos vegetais (óleos e g
841464;Prensador de frutas (exceto oleaginosas)
841468;Preparador de rações
841472;Refinador de óleo e gordura
841476;Trabalhador de fabricação de margarina
841484;Trabalhador de preparação de pescados (limpeza)
841505;Trabalhador de tratamento do leite e fabricação de
841605;Misturador de café
841610;Torrador de café
841615;Moedor de café
841620;Operador de extração de café solúvel
841625;Torrador de cacau
841630;Misturador de chá ou mate
841705;Alambiqueiro
841710;Filtrador de cerveja
841715;Fermentador
841720;Trabalhador de fabricação de vinhos
841725;Malteiro (germinação)
841730;Cozinhador de malte
841735;Dessecador de malte
841740;Vinagreiro
841745;Xaropeiro
841805;Operador de forno (fabricação de pães, biscoitos e
841810;Operador de máquinas de fabricação de doces, salgad
841815;Operador de máquinas de fabricação de chocolates e
842105;Preparador de melado e essência de fumo
842110;Processador de fumo
842115;Classificador de fumo
842120;Auxiliar de processamento de fumo
842205;Preparador de fumo na fabricação de charutos
842210;Operador de máquina de fabricar charutos e cigarril
842215;Classificador de charutos
842220;Cortador de charutos
842225;Celofanista na fabricação de charutos
842230;Charuteiro a mão
842235;Degustador de charutos
842305;Operador de máquina de fabricar cigarros
848105;Defumador de carnes e pescados
848110;Salgador de alimentos
848115;Salsicheiro (fabricação de lingüiça, salsicha e pro
848205;Pasteurizador
848210;Queijeiro na fabricação de laticínio
848215;Manteigueiro na fabricação de laticínio
848305;Padeiro
848310;Confeiteiro
848315;Masseiro (massas alimentícias)
848325;Trabalhador de fabricação de sorvete
848405;Degustador de café
848410;Degustador de chá
848415;Degustador de derivados de cacau
848420;Degustador de vinhos ou licores
848505;Abatedor
848510;Açougueiro
848515;Desossador
848520;Magarefe
848525;Retalhador de carne
848605;Trabalhador do beneficiamento de fumo
860105;Supervisor de manutenção (eletromecânica)
860110;Supervisor de operação de fluidos (distribuição, ca
860115;Supervisor de operação elétrica (geração, transmiss
861105;Operador de central hidrelétrica
861110;Operador de quadro de distribuição de energia elétr
861115;Operador de central termoelétrica
861120;Operador de reator nuclear
861205;Operador de subestação
862105;Foguista (locomotivas a vapor)
862110;Maquinista de embarcações
862115;Operador de bateria de gás de hulha
862120;Operador de caldeira
862130;Operador de compressor de ar
862140;Operador de estação de bombeamento
862150;Operador de máquinas fixas, em geral
862155;Operador de utilidade (produção e distribuição de v
862205;Operador de estação de captação, tratamento e distr
862305;Operador de estação de tratamento de água e efluent
862310;Operador de forno de incineração no tratamento de á
862405;Operador de instalação de extração, processamento,
862505;Operador de instalação de refrigeração
862510;Operador de refrigeração com amônia
862515;Operador de instalação de ar-condicionado
910105;Encarregado de manutenção mecânica de sistemas oper
910110;Supervisor de manutenção de aparelhos térmicos, de
910115;Supervisor de manutenção de bombas, motores, compre
910120;Supervisor de manutenção de máquinas gráficas
910125;Supervisor de manutenção de máquinas industriais tê
910130;Supervisor de manutenção de máquinas operatrizes e
910205;Supervisor da manutenção e reparação de veículos le
910210;Supervisor da manutenção e reparação de veículos pe
910905;Supervisor de reparos linhas férreas
910910;Supervisor de manutenção de vias férreas
911105;Mecânico de manutenção de bomba injetora (exceto de
911110;Mecânico de manutenção de bombas
911115;Mecânico de manutenção de compressores de ar
911120;Mecânico de manutenção de motores diesel (exceto de
911125;Mecânico de manutenção de redutores
911130;Mecânico de manutenção de turbinas (exceto de aeron
911135;Mecânico de manutenção de turbocompressores
911205;Mecânico de manutenção e instalação de aparelhos de
911305;Mecânico de manutenção de máquinas, em geral
911310;Mecânico de manutenção de máquinas gráficas
911315;Mecânico de manutenção de máquinas operatrizes (lav
911320;Mecânico de manutenção de máquinas têxteis
911325;Mecânico de manutenção de máquinas-ferramentas (usi
913105;Mecânico de manutenção de aparelhos de levantamento
913110;Mecânico de manutenção de equipamento de mineração
913115;Mecânico de manutenção de máquinas agrícolas
913120;Mecânico de manutenção de máquinas de construção e
914105;Mecânico de manutenção de aeronaves, em geral
914110;Mecânico de manutenção de sistema hidráulico de aer
914205;Mecânico de manutenção de motores e equipamentos na
914305;Mecânico de manutenção de veículos ferroviários
914405;Mecânico de manutenção de automóveis, motocicletas
914410;Mecânico de manutenção de empilhadeiras e outros ve
914415;Mecânico de manutenção de motocicletas
914420;Mecânico de manutenção de tratores
914425;Mecânico de veículos automotores a diesel (exceto t
915105;Técnico em manutenção de instrumentos de medição e
915110;Técnico em manutenção de hidrômetros
915115;Técnico em manutenção de balanças
915205;Restaurador de instrumentos musicais (exceto cordas
915210;Reparador de instrumentos musicais
915215;Luthier (restauração de cordas arcadas)
915305;Técnico em manutenção de equipamentos e instrumento
915405;Reparador de equipamentos fotográficos
919105;Lubrificador industrial
919110;Lubrificador de veículos automotores (exceto embarc
919115;Lubrificador de embarcações
919205;Mecânico de manutenção de máquinas cortadoras de gr
919305;Mecânico de manutenção de aparelhos esportivos e de
919310;Mecânico de manutenção de bicicletas e veículos sim
919315;Montador de bicicletas
950105;Supervisor de manutenção elétrica de alta tensão in
950110;Supervisor de manutenção eletromecânica industrial,
950205;Encarregado de manutenção elétrica de veículos
950305;Supervisor de manutenção eletromecânica
951105;Eletricista de manutenção eletroeletrônica
951305;Instalador de sistemas eletroeletrônicos de seguran
951310;Mantenedor de sistemas eletroeletrônicos de seguran
953105;Eletricista de instalações (aeronaves)
953110;Eletricista de instalações (embarcações)
953115;Eletricista de instalações (veículos automotores e
954105;Eletromecânico de manutenção de elevadores
954110;Eletromecânico de manutenção de escadas rolantes
954115;Eletromecânico de manutenção de portas automáticas
954120;Mecânico de manutenção de instalações mecânicas de
954125;Operador eletromecânico
954205;Reparador de aparelhos eletrodomésticos (exceto ima
954210;Reparador de rádio, TV e som
954305;Reparador de equipamentos de escritório
991105;Conservador de via permanente (trilhos)
991110;Inspetor de via permanente (trilhos)
991115;Operador de máquinas especiais em conservação de vi
991120;Soldador aluminotérmico em conservação de trilhos
991205;Mantenedor de equipamentos de parques de diversões
991305;Funileiro de veículos (reparação)
991310;Montador de veículos (reparação)
991315;Pintor de veículos (reparação)
991405;Trabalhador da manutenção de edificações
991410;Conservador de fachadas
991415;Limpador de fachadas
992105;Alinhador de pneus
992110;Balanceador
992115;Borracheiro
992120;Lavador de peças
992205;Encarregado geral de operações de conservação de vi
992210;Encarregado de equipe de conservação de vias perman
992215;Operador de ceifadeira na conservação de vias perma
992220;Pedreiro de conservação de vias permanentes (exceto
992225;Auxiliar geral de conservação de vias permanentes (
999991;Estudante
999992;Dona de Casa
999993;Aposentado/Pensionista
999994;Desempregado cronico ou cuja habitação habitual
998999;Ignorada
;Nao informada
